{
    "$schema": "https://schema.management.azure.com/schemas/2019-04-01/deploymentTemplate.json#",
    "contentVersion": "1.0.0.0",
    "parameters": {
        "workflows_Get_GeofromIPandTagIncident_MyVer_name": {
            "defaultValue": "Get-GeofromIPandTagIncident-MyVer",
            "type": "String"
        },
        "connections_azuresentinel_1_externalid": {
            "defaultValue": "/subscriptions/75718c2b-9f48-4cb8-b4f8-7cbdf89f527e/resourceGroups/TestResGrp/providers/Microsoft.Web/connections/azuresentinel-1",
            "type": "String"
        },
        "connections_ip2locationip_externalid": {
            "defaultValue": "/subscriptions/75718c2b-9f48-4cb8-b4f8-7cbdf89f527e/resourceGroups/TestResGrp/providers/Microsoft.Web/connections/ip2locationip",
            "type": "String"
        }
    },
    "variables": {},
    "resources": [
        {
            "type": "Microsoft.Logic/workflows",
            "apiVersion": "2017-07-01",
            "name": "[parameters('workflows_Get_GeofromIPandTagIncident_MyVer_name')]",
            "location": "eastus",
            "identity": {
                "type": "SystemAssigned"
            },
            "properties": {
                "state": "Suspended",
                "definition": {
                    "$schema": "https://schema.management.azure.com/providers/Microsoft.Logic/schemas/2016-06-01/workflowdefinition.json#",
                    "contentVersion": "1.0.0.0",
                    "parameters": {
                        "$connections": {
                            "defaultValue": {},
                            "type": "Object"
                        }
                    },
                    "triggers": {
                        "Microsoft_Sentinel_incident": {
                            "type": "ApiConnectionWebhook",
                            "inputs": {
                                "host": {
                                    "connection": {
                                        "name": "@parameters('$connections')['azuresentinel-1']['connectionId']"
                                    }
                                },
                                "body": {
                                    "callback_url": "@{listCallbackUrl()}"
                                },
                                "path": "/incident-creation"
                            }
                        }
                    },
                    "actions": {
                        "Entities_-_Get_IPs": {
                            "runAfter": {},
                            "type": "ApiConnection",
                            "inputs": {
                                "host": {
                                    "connection": {
                                        "name": "@parameters('$connections')['azuresentinel-1']['connectionId']"
                                    }
                                },
                                "method": "post",
                                "body": "@triggerBody()?['object']?['properties']?['relatedEntities']",
                                "path": "/entities/ip"
                            }
                        },
                        "For_each": {
                            "foreach": "@body('Entities_-_Get_IPs')?['IPs']",
                            "actions": {
                                "Lookup_IP": {
                                    "type": "ApiConnection",
                                    "inputs": {
                                        "host": {
                                            "connection": {
                                                "name": "@parameters('$connections')['ip2locationip']['connectionId']"
                                            }
                                        },
                                        "method": "get",
                                        "path": "/",
                                        "queries": {
                                            "ip": "@item()?['Address']"
                                        }
                                    }
                                },
                                "Update_incident": {
                                    "runAfter": {
                                        "Lookup_IP": [
                                            "Succeeded"
                                        ]
                                    },
                                    "type": "ApiConnection",
                                    "inputs": {
                                        "host": {
                                            "connection": {
                                                "name": "@parameters('$connections')['azuresentinel-1']['connectionId']"
                                            }
                                        },
                                        "method": "put",
                                        "body": {
                                            "incidentArmId": "@triggerBody()?['object']?['id']",
                                            "tagsToAdd": {
                                                "TagsToAdd": [
                                                    {
                                                        "Tag": "@{body('Lookup_IP')?['country_name']}@{body('Lookup_IP')?['city_name']}@{body('Lookup_IP')?['region_name']}"
                                                    }
                                                ]
                                            },
                                            "severity": "High",
                                            "status": "Active"
                                        },
                                        "path": "/Incidents"
                                    }
                                },
                                "Add_comment_to_incident_(V3)": {
                                    "runAfter": {
                                        "Update_incident": [
                                            "Succeeded"
                                        ]
                                    },
                                    "type": "ApiConnection",
                                    "inputs": {
                                        "host": {
                                            "connection": {
                                                "name": "@parameters('$connections')['azuresentinel-1']['connectionId']"
                                            }
                                        },
                                        "method": "post",
                                        "body": {
                                            "incidentArmId": "@triggerBody()?['object']?['id']",
                                            "message": "<p class=\"editor-paragraph\">IP Address : @{body('Lookup_IP')?['ip']}</p><p class=\"editor-paragraph\">City : @{body('Lookup_IP')?['city_name']}</p><p class=\"editor-paragraph\">Country : @{body('Lookup_IP')?['country_code']}, @{body('Lookup_IP')?['country_name']}</p><p class=\"editor-paragraph\">Region : @{body('Lookup_IP')?['region_name']}</p><p class=\"editor-paragraph\">Longitude : @{body('Lookup_IP')?['longitude']}</p><p class=\"editor-paragraph\">Area Language : @{body('Lookup_IP')?['country']?['language']}</p><br>"
                                        },
                                        "path": "/Incidents/Comment"
                                    }
                                }
                            },
                            "runAfter": {
                                "Entities_-_Get_IPs": [
                                    "Succeeded"
                                ]
                            },
                            "type": "Foreach"
                        }
                    },
                    "outputs": {}
                },
                "parameters": {
                    "$connections": {
                        "value": {
                            "azuresentinel-1": {
                                "id": "/subscriptions/75718c2b-9f48-4cb8-b4f8-7cbdf89f527e/providers/Microsoft.Web/locations/eastus/managedApis/azuresentinel",
                                "connectionId": "[parameters('connections_azuresentinel_1_externalid')]",
                                "connectionName": "azuresentinel-1",
                                "connectionProperties": {
                                    "authentication": {
                                        "type": "ManagedServiceIdentity"
                                    }
                                }
                            },
                            "ip2locationip": {
                                "id": "/subscriptions/75718c2b-9f48-4cb8-b4f8-7cbdf89f527e/providers/Microsoft.Web/locations/eastus/managedApis/ip2locationip",
                                "connectionId": "[parameters('connections_ip2locationip_externalid')]",
                                "connectionName": "ip2locationip",
                                "connectionProperties": {}
                            }
                        }
                    }
                }
            }
        }
    ]
}